Fund Name,P1,P2,P3,P4,P5,Topsis Score,Rank
M1,0.67,0.45,6.5,42.6,12.56,0.5403265675755571,4.0
M2,0.6,0.36,3.6,53.3,14.47,0.2791256580428512,8.0
M3,0.82,0.67,3.8,63.1,17.1,0.5052589784954592,6.0
M4,0.6,0.36,3.5,69.2,18.42,0.3157959382848696,7.0
M5,0.76,0.58,4.8,43.0,12.29,0.5390940214133871,5.0
M6,0.69,0.48,6.6,48.7,14.12,0.5631439670970447,2.0
M7,0.79,0.62,4.8,59.2,16.35,0.5416155450759863,3.0
M8,0.84,0.71,6.5,34.5,10.64,0.6821630834580592,1.0
