﻿Fund Name,P1,P2,P3,P4,P5,Topsis Score,Rank
M1,0.61,0.37,3.0,51.4,13.85,0.47097899491870865,6.0
M2,0.75,0.56,5.1,62.7,17.28,0.48085679415422805,4.0
M3,0.85,0.72,6.1,63.1,17.69,0.5245106798919511,3.0
M4,0.93,0.86,4.0,61.2,16.75,0.7017041225626789,1.0
M5,0.67,0.45,6.5,36.9,11.13,0.32449081717211464,7.0
M6,0.78,0.61,5.9,67.1,18.6,0.476257008085156,5.0
M7,0.89,0.79,5.8,68.6,19.02,0.5696924792158032,2.0
M8,0.64,0.41,7.0,30.3,9.59,0.3191315078932243,8.0
